0;1.99027653128;1.99280539964;1.99288820974;1.99377839678;1.99388595813;1.9946758191;1.99524157282;1.99524954011;1.99529667272;1.99535248743;1.99539759729;1.99569462219;1.99593061813;1.99604974178;1.9965482046;1.99696487307;1.99716920046;1.99734915008;1.99798075834;1.99822849996;1.99829861436;1.99831787746;1.99831999962;1.99839054872;1.99845546272;1.99872479797;1.99901076758;1.99904725797;1.99910562123;1.99913530906;1.99920902905;1.99920952196;1.99927986733;1.99930332257;1.99935852873;1.99955069444;1.99960332651;1.9996414328;1.99968552803;1.99973566507;1.99974651699;1.99977131021;1.99984718378;1.99990399486;2.47516202221;2.51790410735;2.66257083523;2.7657437033;2.78987719078;3.06017840096;3.48439006151;3.8357036999;4.09224495615;4.12166103574;4.17855662263;4.41409516659;4.47029325168;4.47600277683;4.68500406962;5.49423097341;5.64007554395;5.8123579888;6.82023161391;10.7596843612;
1;1.99180329647;1.99270367993;1.99312532402;1.99489692187;1.99544337278;1.99593922443;1.99600958794;1.99630070275;1.99681086096;1.99685952316;1.99692447876;1.99699122786;1.99719408818;1.99724604435;1.99730370291;1.99743269014;1.99769726152;1.99772830957;1.99776202621;1.99794223646;1.9979792583;1.99799616257;1.99830004145;1.99833144979;1.99843757619;1.99847293463;1.99853409582;1.9986401831;1.99882475681;1.99883256975;1.9988370799;1.99892753369;1.99915620497;1.99917697383;1.9991962526;1.99922872058;1.99931623175;1.99939162999;1.99947087414;1.99966221759;1.99973961106;1.99978779704;1.99987324499;1.99992171006;1.99994581176;2.33509924486;2.71874722993;3.01065603604;3.11521428011;3.22965171923;3.7376476401;3.80218024594;5.01186762391;5.05281602606;5.7493848512;6.12192319673;6.2197660493;6.57448672988;6.81666270833;7.2967222879;7.32643222304;8.54741880906;8.5620980163;1619.41955086;
2;1.98992031362;1.99359410774;1.99588907022;1.99715628388;1.9971861753;1.99730818748;1.99807769115;1.99824918337;1.99874605518;1.99902811593;1.99917585056;1.99932260494;2.33413852302;2.92265010482;3.23124879802;3.43529001164;3.70023475632;4.01840721683;4.87317851027;5.12732987372;5.43994759155;5.69579560335;6.30403746943;6.61590264875;7.08532279072;7.6863881188;7.8771970141;8.38966116602;11.1346870441;11.9056129778;12.1460002279;14.1368261768;14.9934319938;15.2293283313;15.8608464878;18.9566599378;20.6620781333;22.3037385965;31.5118309111;33.3354850015;34.4471862816;123.000574699;144.219115015;151.78775769;161.446063659;880.098660401;1035.40368534;1058.26444934;1154.11632803;1172.34486183;1203.66224705;1353.07643916;1383.44454754;1448.52020548;1499.93439201;1664.46424342;1703.81785964;1852.2806831;1896.50225565;1900.24652306;1973.4887836;2007.03464473;2190.95696185;2249.79146708;
3;1.99027285838;1.99119133131;1.99564934354;1.9975440021;1.99824024614;1.99825961237;1.99868268432;1.99949918536;1.99950925105;2.45873065395;2.70693377452;3.28192690968;3.41010144014;3.74963299763;5.28712473279;5.38389420653;5.50053565732;5.6692005759;5.91143904889;6.79317171825;7.01480669501;9.13822264356;10.6634837468;11.2486104191;12.1896517575;12.9282768444;13.4285367511;13.6483377225;16.0093206384;19.3165222738;19.8892708634;23.5361753268;25.2066066189;26.6453932344;28.9734220465;30.3347573064;31.8805960969;279.543772624;349.20841887;450.245680787;543.980453283;796.911471907;1030.01441496;1340.71806631;1348.45632721;1376.11536435;1441.25156182;1443.02865894;1513.30429896;1533.00672263;1692.42656669;1772.77560185;1891.6197789;1983.27059372;1986.97014079;2085.31107676;2089.4486205;2160.54459198;2241.51804709;2247.54257337;2312.40325611;2417.04632623;2481.02912019;2619.07656422;
4;1.99389285586;1.9942398803;1.99536394784;1.99626759996;1.9979815209;1.99805101527;1.99850428533;1.99920323649;3.6261250393;3.81431223091;4.69057920801;4.9152262932;5.75396390215;6.06977650707;6.08752319177;6.11656146137;6.73419940381;7.26746818897;7.47559516209;8.19261962785;8.36130084404;8.55649883325;8.68920845526;9.02768171268;9.21841488187;9.66419994208;9.92224833448;11.4960081451;12.0872515468;13.6371100703;13.877299544;14.308873872;15.1559564606;19.2838120449;19.7538638936;20.0368239222;27.2560279387;30.8731314125;43.9428684504;57.4824653377;59.7858419763;172.855521034;470.987940829;557.829730029;905.86880361;963.441735928;1172.21699368;1234.96657954;1255.47221326;1373.11566296;1538.31345065;1546.1420069;1570.18391068;1585.10266203;1705.81508463;1735.15585955;1858.19975053;1872.61475836;1891.80462147;2114.97933315;2159.3314344;2420.9568963;2422.88173071;2590.42865268;
5;1.99291581529;1.99689324064;1.99730470858;1.99764065391;1.99765942317;1.99769847707;1.99801952341;1.99985038341;2.78742476228;2.83711177622;3.24205642504;3.34399538752;3.79996357937;3.80981217419;4.32246947777;4.65167057107;5.25852400483;5.27683527702;6.20133542403;6.65617885794;7.60302124708;8.54584427404;10.3097585742;10.354351616;10.3600817931;10.3708846325;11.0224717475;12.6392118125;13.036007452;13.5639147976;13.6821666374;15.0710686039;15.1122312817;17.4375877805;21.3929296009;23.7461670955;27.9631466124;66.8744168873;118.805273298;176.276641653;227.598645053;261.675827186;262.916386345;304.611236079;720.302542501;860.230191906;1354.23631981;1752.79172879;1771.51728811;1793.46526978;1833.68193485;2021.13932563;2090.26030357;2185.57629215;2206.86882972;2215.1990628;2242.87459126;2264.53484857;2296.3162746;2315.2330519;2335.28622458;2349.67303904;2454.6413662;2517.91388518;
6;1.99164737138;1.99174793331;1.99730664701;1.99783454002;1.99818319991;1.99874270385;1.99893410343;4.11112941152;5.35912778281;6.84081185633;7.18620671904;7.47035880348;9.99939127957;11.2875376369;11.8857970165;15.6107328635;16.8615736143;18.7476880178;21.8615122115;26.834921116;38.1642959391;38.7559900649;49.9453316893;81.4625662129;95.8975080052;154.308367088;186.650466388;281.856183116;292.37236698;1332.34929754;1378.53812068;1467.55467516;1467.61088092;1486.26553026;1545.22236011;1591.43869979;1599.22463646;1687.84259607;1731.9861013;1750.88769061;1763.11509571;1783.62602193;1833.9989076;1854.05277615;1902.96966858;2074.32194398;2095.71610105;2097.99738197;2100.3275916;2119.51934471;2125.57930281;2127.85896665;2162.19225377;2264.05300834;2264.69023412;2316.6240695;2328.91036604;2335.46626241;2350.29322014;2387.80044584;2456.51996678;2471.47512221;2552.04979458;2673.4390539;
7;1.99716696638;1.99805111712;1.99834222838;1.9983565896;1.99888501132;2.91855095525;4.10784823238;4.15367582043;4.88631937298;5.10007518125;5.48250366679;5.69694192394;6.12672365945;6.9016641413;7.33080179988;9.25536965046;13.6110260373;16.4064919514;17.7392619889;17.7797134832;19.8212943614;20.5358144964;22.0207513216;24.1533453189;26.8971007164;29.8102419584;31.074727968;31.359896449;36.0047867851;42.7159808188;53.3758874564;91.093339128;1349.72799368;1471.87122097;1523.93144594;1533.30644935;1686.26838072;1710.57272965;1819.90460713;1985.29835024;2003.94310976;2020.45659041;2058.88954555;2073.62212108;2107.39598661;2148.51872467;2151.49209999;2172.94114992;2207.15634541;2217.25246584;2233.38587489;2261.99956567;2320.99924241;2357.09538951;2369.82544912;2421.02821401;2429.81218082;2497.54078844;2507.87050409;2653.87419621;2710.09703083;2801.37838078;2844.62362003;3051.95456582;
8;1.99737892631;1.99801227044;1.99829546632;2.88149308712;2.94194836589;4.02483174849;5.54269768138;7.41524562681;7.90747256757;8.42518510269;11.4788489071;12.9267678362;13.3545124074;13.8755583744;15.7341053073;20.6039810889;26.1053115195;27.9144903627;29.1716303154;33.1366136358;39.4302090084;44.6105970436;45.0045122569;46.9741676132;51.7189616508;53.3169992762;73.2109926063;75.470461181;149.398558698;247.616592433;256.741201137;436.812854557;455.87559323;1762.2420356;1825.93150692;1893.63308688;1894.1967456;1972.84003197;2022.35129859;2117.35287871;2123.29165887;2141.4771384;2154.57983493;2169.47396573;2258.66076699;2283.01226699;2283.98395641;2312.7455564;2335.55253537;2340.53774647;2391.51296077;2392.58482183;2392.71371083;2443.74176722;2448.53416592;2476.3263796;2511.85511919;2540.06421715;2591.77551388;2666.32216173;2676.91252428;2680.087018;2716.40763234;3036.38396343;
9;1.98931563209;1.99814971441;1.99850635538;1.99873328813;1.99904295879;1.99956662606;1.99986593407;2.45653950721;2.78011035049;5.47068963025;5.64872825902;5.85731292816;6.34014769061;6.47083680203;6.54301461557;6.77688220388;7.87072828732;8.21614441616;8.56097474175;11.9284995757;18.0773648783;18.5080572348;19.1577241871;19.6764337144;21.5136627666;26.5788696875;30.7775157363;32.9336891274;38.6564766898;39.6389651892;40.570465595;81.5535638278;205.322680839;1274.00654056;1696.46294987;1998.13210334;2030.05390932;2066.35143373;2131.40819344;2155.40848868;2160.2404349;2201.21454914;2257.07693747;2266.73581813;2299.414536;2314.44674746;2393.49380351;2394.89252285;2434.58512307;2469.90427159;2482.84641938;2486.14316535;2531.40382946;2541.71262341;2572.25691555;2623.53924175;2644.8920153;2646.75266331;2652.34468058;2675.21615057;2726.66367429;2766.01854238;2851.41778187;2887.60183436;
10;1.99526397512;1.9963067436;1.99911273241;1.99950575274;3.35677185051;4.87129437726;4.93413509642;5.14507920058;5.7961803132;6.38580433786;7.28378283625;7.55220313559;8.57839323614;10.2192656048;13.050054471;15.2697781676;17.3268321975;19.7600315384;21.4299656859;31.3868795136;35.2830944572;36.2260765772;37.6736502426;40.6397204666;40.8461883012;44.8160591354;56.4427608576;69.4907309412;75.3860822778;146.930311436;176.683376914;637.54813122;1678.73499255;1949.91369592;1966.72397257;2183.67484996;2301.42659015;2329.62128004;2372.438054;2376.28330358;2393.73527028;2395.27798594;2418.21002354;2448.27580724;2545.01468074;2584.46097114;2585.90086915;2589.4710597;2618.02304293;2624.34581786;2667.84992799;2697.08596836;2801.07360083;2805.21392439;2823.12324716;2863.80253027;2878.22396025;2910.28129978;2934.33914634;2947.75623233;2976.50830774;2997.69615629;3004.68125606;3033.92396095;
11;4.39223512337;7.83271379515;10.7105181544;10.8611819042;12.2259172787;12.7998015281;13.9083466556;14.4144160103;14.5942015747;15.5608838832;15.5643816355;17.427762801;20.0295119673;22.7804875549;25.8078825073;28.0431592513;30.0566531393;34.4502750511;43.216265503;47.9756585731;48.3437031383;62.5611043505;70.6252570187;74.6840397317;93.4797080522;112.83353072;150.927288998;209.887453951;317.182637249;542.748281487;579.737663047;762.338113259;1867.73306654;2094.79551078;2148.50012699;2193.06679524;2255.35205443;2262.69019363;2308.0913298;2347.99179712;2356.71665424;2390.03818559;2421.16480086;2427.95851387;2433.15730687;2449.70238784;2455.58385669;2467.82811295;2479.41307419;2529.032902;2554.78382963;2560.66946491;2565.80135035;2585.83313408;2614.76026107;2625.72653668;2626.10194868;2633.32133939;2715.14128525;2764.8498238;2824.44312433;2910.03148683;2937.64721728;2964.178019;
12;1.99198742653;1.99629809353;3.11264204722;6.225082925;6.75586073597;9.18992930502;10.651923665;11.0212860933;12.3773009051;12.8775654134;13.2141553718;13.3233798919;14.2138670615;16.3223697308;18.0723350768;23.0006492298;23.6456418556;25.4855753433;30.141210415;30.3327035502;31.1790996168;34.4013937848;34.7272652334;37.3746087044;68.6713102305;76.732518791;94.4016800806;137.492948726;172.028127738;176.206600376;569.083100082;1920.71247523;1983.99306815;1997.14914207;2205.33328069;2212.12787072;2266.05515439;2300.14793808;2386.52377301;2397.88997099;2435.26371357;2454.31945448;2458.96122509;2470.0329211;2475.9833411;2480.67472635;2499.89783259;2557.13918657;2563.62070877;2571.22607332;2587.20197882;2589.24407994;2592.82938212;2600.80993089;2639.42146329;2657.93309536;2684.88574807;2696.36666449;2720.00171472;2736.95305012;2750.38037376;2765.68369;2799.93519775;3085.31627828;
13;1.99821878071;1.99827356457;1.99916041712;3.32988455088;4.7561323687;5.98420026014;7.41238094819;7.41670716015;11.5647415363;14.2240658533;15.9187761787;17.2631475003;19.8380383197;20.7233713166;21.6007064265;23.5354581902;25.4645068273;26.3893538999;28.3290513489;30.193386346;31.1101603743;31.9000654025;32.6601932988;34.5956121361;39.7495577242;66.9300609004;82.6232045448;129.480934741;205.393858047;248.403214016;264.764175524;881.398708803;2112.69348715;2150.44728518;2187.43030278;2254.42582618;2299.242792;2306.6125861;2324.16647888;2348.30039982;2348.39684433;2351.84950802;2383.27938983;2390.01053822;2394.41170213;2407.9072071;2410.87001635;2425.85769886;2430.71908403;2439.87581216;2468.8486779;2497.77493061;2497.89666523;2506.02209425;2533.39744065;2534.27113939;2584.23218635;2611.12790695;2636.48816269;2724.56497287;2755.15593904;2789.36000827;2798.90655111;2836.64337673;
14;2.15678998587;2.23790744275;5.44536153351;5.53119942572;5.5930083835;5.68149282405;7.80416419827;9.07882184326;11.0227623513;13.0029859455;14.1106741521;15.6317436389;18.1739303272;18.7315710368;20.4628714601;24.8926199433;31.0401467035;31.8397927744;32.1819905289;40.6512502065;43.3848099636;51.0857331775;173.563852086;197.10526264;355.936700897;466.049837878;611.046864202;1050.76413394;1243.93313709;1876.86438298;1986.45528573;2036.59501816;2053.99102668;2167.80389431;2171.91145025;2181.29304236;2236.72262672;2309.33037989;2314.16117183;2360.97329715;2389.51878781;2436.09942987;2449.32824639;2477.65269536;2480.08376008;2483.8560316;2510.51100547;2520.63576596;2525.90805948;2532.65453563;2538.76546608;2558.12745166;2561.90591343;2567.68675298;2592.5768545;2609.54950478;2631.4472981;2647.60991086;2709.84147383;2779.51834139;2783.477321;2868.55073745;2902.38917955;2916.95713935;
15;1.99820713007;1.99917443628;3.65914117954;4.1549660732;5.50893028401;7.40546237147;8.05183898048;8.21206912357;9.70256784003;10.4449819933;10.7746464755;10.8292261804;14.133529677;15.9593148108;18.2268300055;18.8098471338;20.2639109967;20.3972735934;21.6176648075;23.7493439978;25.8448109799;27.4430311807;27.5186631727;27.9271694995;28.9982336217;33.6744232648;43.0069502268;54.9339460734;59.9400978845;536.182660303;624.221509494;1312.49289039;1958.85805449;2124.88635716;2148.76337889;2164.1557418;2194.52936566;2259.9395383;2280.22460032;2378.29375425;2407.11014087;2439.22331598;2442.99456481;2462.66097637;2488.41467784;2496.98108118;2499.91948243;2529.82822316;2545.49773708;2582.58596377;2590.70504446;2610.74605656;2635.06766592;2648.4867569;2657.07132499;2670.11409693;2687.65194724;2718.18824181;2719.00383145;2719.72057927;2722.18065542;2798.58572691;2904.68922548;2914.94086579;
16;1.9956124542;5.67033274064;5.67241067649;5.90068083323;6.18160644202;6.48016799523;8.75653005162;12.4863205009;18.0172330903;18.2730135532;19.8964446828;20.715212669;21.7779353646;24.4595073379;25.9421535472;26.5489694036;27.15534127;27.8334277491;28.613562138;36.854069538;37.0264749649;37.7918310337;38.9515246989;40.5470697886;41.5888384203;51.9365963883;53.0248293859;89.0320688951;90.8965230292;98.0654527291;385.931660518;462.822460317;517.980041712;1854.9129689;2015.98317274;2062.67189968;2106.76854518;2161.43463634;2162.69407896;2184.85761523;2191.7894557;2225.60165674;2230.83901015;2297.13220607;2300.73802659;2362.04639546;2465.11967541;2513.68137134;2528.25316496;2566.99849021;2648.74826696;2654.47716387;2673.47390845;2677.6666114;2716.91185461;2726.35196147;2745.55418261;2763.67595084;2772.31231138;2803.88767503;2820.03344086;2929.0520729;2993.01131889;3246.3498483;
17;1.99505819557;1.99739432577;1.99801350283;1.99808412404;1.99875451728;1.99923230338;1.99951944269;6.09585475003;6.37993920239;7.82808065335;12.4389475442;12.4834143624;18.6593189322;19.6861035684;20.0082406107;22.9530985427;24.5231279872;30.5807793454;36.4107066842;42.2105948099;42.5405616155;43.8183425779;47.7010788894;51.7212324511;65.9714363168;74.624405247;78.2509596222;124.669088301;135.45938356;639.041640908;1981.73143021;2117.19769844;2252.23807483;2328.72342998;2344.75625754;2344.79979205;2387.70162563;2426.2893462;2447.69808724;2473.34115334;2476.06605212;2477.77048877;2478.10912462;2496.3714739;2560.4563249;2576.36032774;2612.34037351;2628.02000661;2650.63270394;2671.07034201;2676.20463554;2682.70269714;2742.79585587;2745.20547756;2747.0584888;2754.49605347;2760.52927993;2780.45782109;2826.58013991;2842.94279682;2848.42164075;2889.4685002;2895.67376043;3003.03510285;
18;1.99693501063;1.99967145002;4.4031442578;6.81935446857;7.55847157417;7.69720034895;8.1708673912;9.66770614192;10.3572493065;13.0749238916;15.4332457858;17.2406515045;17.3223162756;20.7119655465;20.8317758282;21.2108952949;24.3507832892;25.8723167136;26.5533012899;32.7856497897;33.889469895;40.8190982001;45.0638263204;51.0988513767;60.2101894287;78.1710844706;86.4130403859;101.168185571;140.787852873;175.613195812;624.399623198;1418.31142098;1911.59267129;2112.81452538;2145.05420675;2203.69247128;2228.48687971;2377.20351032;2377.95932549;2381.61999546;2391.03067809;2391.48310387;2399.80496883;2403.34820148;2414.85642756;2426.66261941;2463.07876244;2465.67872052;2474.95248964;2502.00380831;2547.30366828;2583.07263379;2593.27456406;2603.87628639;2614.41601492;2614.7856349;2642.73844436;2656.20214312;2699.77259698;2737.55094095;2760.61924495;2785.87221393;3076.41671195;3179.36935463;
19;7.46898582856;7.65953152825;7.93416011889;8.86244638203;9.7581477586;11.28429483;11.3032516609;13.6549080185;14.8406277273;20.3175895138;23.1623056857;26.5849316728;29.6908522903;38.8272097856;40.0128095431;49.3128525355;50.4017589447;62.7780266202;86.7032817924;105.956122086;134.837603065;136.374388355;211.099731027;256.251424999;295.018358544;1432.39435422;1899.17987511;2010.60659391;2214.40768059;2236.76404619;2271.12689279;2300.75031398;2305.08708008;2379.81997043;2379.88838372;2393.99312653;2403.54813308;2432.7829368;2440.83543682;2475.92385424;2492.86556777;2518.9540149;2538.96971771;2541.9849034;2545.99673226;2557.98964732;2567.25432897;2570.65664236;2573.54714776;2579.98705504;2597.73357071;2616.90910789;2662.7487009;2678.76714413;2699.07635005;2770.24752557;2798.52335462;2816.00867342;2828.3311522;2828.90359996;2838.72007294;2948.91683843;2950.02455376;2990.45993652;
20;1.99472550192;1.9970376968;1.99740543473;1.99880144627;3.79536352151;3.91833639854;4.1948578395;6.17787972831;7.86122268697;8.39593906193;10.8096419365;11.3215532676;12.840315144;14.0829110713;15.0438085309;17.2900210075;18.220154165;22.049304537;23.7361631347;25.3316690264;30.9237345836;35.1054807155;41.1636454023;46.1132816394;127.53622108;143.568303475;277.205520786;297.225244853;314.743368283;1384.51390337;1707.43051767;2019.93079313;2026.9887978;2061.8738508;2146.18720821;2171.05508693;2189.79497033;2192.36250773;2233.82004309;2279.33412594;2368.93758743;2373.35664633;2375.71579722;2433.13869004;2440.41858939;2460.57981655;2461.59909243;2467.3699403;2480.97784036;2551.9531211;2593.66579151;2613.58772595;2713.80487654;2717.27869953;2732.79492756;2741.74960323;2799.49367385;2831.18193022;2887.79648534;2923.59445513;2938.38191539;2984.97955533;3114.11989538;3135.31417042;
21;1.99749874506;1.99853712804;1.99929649015;2.17400245274;3.39840462862;4.92653435029;5.1920684038;5.3832681884;7.08345993607;7.3145112579;9.26726056594;10.5504712583;10.7000964723;15.0983769671;16.2045649763;16.3206792279;18.3860615166;24.276704172;25.0057654117;25.427396685;30.7008060021;76.8195160802;140.233195068;151.28367034;218.370914654;262.115080924;266.815323443;1944.36995831;2013.37633459;2084.94290256;2085.67857617;2109.06817371;2198.85143489;2213.35068078;2230.24453297;2289.47129533;2380.40266624;2387.7573841;2417.32536367;2450.05653087;2451.0509633;2468.81731535;2473.90314866;2482.17935387;2497.57059319;2518.46003875;2561.16886498;2578.66811949;2588.50741131;2591.81436179;2598.72850548;2636.56770178;2657.92980047;2662.4539863;2700.59189645;2705.79133133;2714.5813595;2724.27308699;2748.78163569;2826.76682597;2859.21521862;2878.85683071;3038.6682711;3232.27538996;
22;1.9910737357;1.99573614428;1.99682546116;1.99701025379;1.99805902377;1.9987924261;2.25485631815;4.88632567756;5.58919174526;5.98885424376;8.5506473693;11.2018566314;13.2965541015;13.5852410742;14.7671325883;16.2904280043;19.5802514818;24.8909211286;25.5516972699;28.7108255834;29.7732072047;38.6793138402;46.681105505;51.4867936885;53.4597726731;56.5050239478;65.6529755744;78.1787590188;79.2934131973;82.195088738;106.754584294;134.677499907;161.708781317;390.408199923;479.333442454;502.41114467;1750.04882818;2071.8263286;2080.19804992;2190.10698056;2227.78772552;2242.89937922;2262.10677333;2292.1288844;2306.18166214;2320.97821278;2391.97118022;2409.40099702;2410.32484792;2416.85428582;2527.79106608;2546.79776632;2552.00364516;2611.18188039;2692.46803706;2710.11531329;2749.83310176;2754.1599997;2767.01580054;2879.71126661;2931.96624984;2992.29108403;3116.48608083;3178.05386255;
23;1.99519668293;1.99912115891;4.29959415;4.57503871115;6.58320661754;7.02199375741;7.05562297213;7.1440797145;8.11262316954;8.48433568073;9.59651329678;11.1446808569;11.5323398359;20.3538965378;22.7317669361;24.1176223037;25.1989326637;25.9561015104;27.6834683833;47.2977600425;50.5003395974;76.6028921809;77.8865857308;252.814993621;266.562294309;530.087787187;673.355465434;700.442135892;1471.81147914;1953.2832112;2238.28513193;2241.98524914;2293.89766787;2415.44121304;2488.25329621;2506.92977083;2527.95273383;2553.35792641;2560.34172124;2609.41783831;2614.78553202;2630.45421242;2658.86978207;2669.85109388;2671.59739625;2681.69662269;2709.59438392;2710.66502663;2714.94595641;2716.14535038;2723.29533568;2727.87307831;2738.8163321;2756.448246;2846.12896196;2860.67744112;2899.87702649;2906.60267159;2910.81487559;2941.00142308;2980.09233621;3000.8807507;3009.35863842;3097.22518395;
24;1.99581755036;1.99664435762;1.99906189433;1.99936531641;4.4868398406;4.56468774402;6.36186818955;7.55059021098;8.33816692483;12.0784260446;12.6018665787;14.1557791026;14.3624593233;16.7331932592;17.1275073941;17.6308522279;21.2689614835;21.552561718;23.1955680744;28.0190680448;33.4223832506;35.6525945459;40.002839193;40.6422086131;42.2170891895;44.8484500103;47.6901036284;68.6502385592;74.2727563821;86.850627963;153.76931879;346.627364536;585.370485666;1415.30397413;1589.80720972;2193.15106182;2236.23695622;2309.01989262;2368.10155904;2372.98143588;2377.68704481;2403.86854261;2431.00958189;2471.4063018;2503.68804832;2527.9052338;2537.02058134;2557.73936707;2564.13012265;2585.89152506;2598.66794272;2607.97274109;2618.3694374;2622.49196736;2672.86676382;2694.53088012;2718.06908008;2733.98891461;2781.05283857;2793.07300058;2891.75828983;2905.86855298;3149.54347651;3503.21204083;
25;1.99739358609;3.08965480999;4.43371973247;5.13077061586;7.14568042743;8.32466158384;8.6264095518;8.99473213995;14.5838797456;22.2958109347;24.3504858194;29.6794703465;32.2669607086;32.8340870947;35.9644948549;39.2278951431;42.3503089857;47.5712803117;50.2586055797;54.6346795934;65.4109705882;69.7060592601;105.97804118;119.741651491;225.134680731;266.154813756;411.406918285;727.813446468;729.073541511;1406.6376803;2216.2363966;2225.27348227;2268.55995189;2398.9310621;2406.16805863;2409.49049292;2446.67837166;2456.82535369;2475.54179389;2517.29303233;2550.96176769;2560.78717883;2568.16892142;2573.49666825;2582.85522782;2598.81420961;2600.53871415;2655.08198;2663.27228801;2676.54556912;2699.27653789;2709.13032353;2713.54787368;2718.3539378;2727.62041059;2802.93475385;2827.38513612;2866.52321746;2902.01429649;2964.79570922;2986.58958491;3044.84145371;3075.76402708;3269.21540193;
26;1.99488599996;1.99770455846;1.99803749835;1.99815415478;5.72572762671;5.81983968053;6.44437395935;10.2815965632;10.7211413175;12.6213033551;14.4308281913;17.1192542853;18.2936165293;19.2865072603;25.0233166762;25.8207970348;29.4109599045;34.2449343098;36.7026374334;36.8928063397;43.0218233998;57.3649272538;73.7636316703;118.7004485;136.544393421;346.455927098;445.403769511;465.981456387;682.656150241;1115.94061684;1226.48217828;1766.40606309;2030.5673294;2089.43876565;2202.59528505;2207.69046077;2272.91979393;2316.25455041;2360.34912241;2363.8711604;2377.40317286;2432.05951917;2433.8003094;2472.16726534;2480.24209534;2546.88093113;2592.45478101;2625.53339552;2681.15905793;2689.14663312;2743.09440114;2747.69579774;2786.88559793;2804.78800654;2838.96714202;2841.66563197;2849.38355136;2942.05054041;2964.34189468;2983.43504523;3075.65836589;3095.95838936;3127.52184794;3705.92322264;
27;4.75205937861;6.09242157844;6.92399545846;7.67591068854;10.6413536009;10.8324819306;11.9372948067;13.1307986378;14.6978310563;20.1460811668;22.8937790456;25.8427524445;25.9656601996;26.1316976188;26.9507571848;35.6065582862;37.6605447524;41.1903408537;41.5666302245;73.4149269946;83.4807459548;102.783139859;137.67683495;217.026372708;345.269441794;441.176412111;2083.08615398;2092.50697744;2136.13118796;2143.0323767;2179.99338083;2242.47584928;2258.47870312;2261.26195955;2271.63675555;2305.45295311;2311.39377685;2354.72675552;2357.5644942;2388.4208308;2401.30589941;2417.33418087;2493.13407739;2495.25457171;2500.62653197;2502.37977102;2531.42043004;2531.6089808;2535.88834605;2593.39464918;2594.47449416;2594.61265678;2600.74068908;2616.74764522;2644.2980449;2706.18457664;2748.99444576;2755.13911306;2797.9210963;2801.12569948;2847.36619423;2866.91031121;2931.88044228;3015.64440326;
28;1.99776158913;1.99887521084;4.23019374984;4.38062602457;4.53157087162;5.58168554522;5.70914046431;6.23851011158;6.28296753812;7.54555526681;7.94801130585;8.3438088939;9.09109857999;10.1487657867;12.4791239521;16.4186002434;16.6523930105;18.0637744142;18.4610886601;31.4409066393;35.2323435591;35.3285798982;37.9820737796;41.8475790828;44.7809304768;45.81340872;50.928804752;69.2484029931;70.6113430396;72.3890722526;85.0857280901;110.554871605;123.920873133;189.257125332;331.403223651;338.309374968;1627.99915292;2142.99954398;2190.88490952;2209.95783103;2224.21501274;2226.04960006;2344.9270078;2394.57311283;2399.30100376;2419.4677426;2451.23104634;2525.98530733;2539.20280734;2556.67675244;2598.756372;2601.54836806;2607.36575881;2640.6368098;2645.73746874;2650.41816154;2665.84316982;2704.69313707;2735.52162683;2736.11334756;2853.69819948;2876.33327581;2931.99333664;3008.05790902;
29;1.99327144;1.99533239538;1.99849848629;1.99861892716;7.04967251395;8.14027533253;9.60474693197;10.4639513012;13.0119290258;14.3465126182;17.8857321096;18.1111913465;18.5334132115;19.5580829219;20.8553806562;21.3068193137;23.756308231;24.0112067194;24.8278758721;29.3541466286;32.7562076752;40.7998529477;46.7197783518;48.6093666763;60.2067421202;69.6321927517;92.2556716063;97.0125574819;164.664903809;221.235883224;731.297695385;2049.77571762;2137.66969292;2245.94378217;2286.07901205;2313.18620458;2328.71577648;2337.23359924;2346.02815782;2427.4859322;2451.06484119;2451.73937251;2521.3996453;2527.9837254;2529.17079474;2532.03569532;2557.11049887;2568.46874148;2587.73870991;2596.62801871;2704.69215651;2718.25390179;2722.60256522;2723.28713174;2733.805208;2739.55519314;2794.53773265;2804.91062408;2832.44687316;2846.53072395;2861.10108913;2866.27218237;2877.5731975;3005.61523437;
30;1.99658747665;2.40945062258;4.80822574632;5.93772517084;6.12425233452;6.71090316307;10.8638110296;12.8652973559;13.723278742;16.7367810338;17.7655707899;18.5392493497;21.1241782158;32.3124069174;34.9803960829;35.620994749;39.1841770618;39.651515002;43.3095261416;44.5919738331;45.0784887748;81.7922060911;103.516577235;106.950726435;139.108632296;140.986000778;158.737636361;169.888100289;195.741542282;272.07022797;403.680380923;410.200544327;414.919726083;816.426068932;888.710282463;1335.61084454;1779.4608564;1994.86811879;2003.39521;2207.71785801;2241.05225052;2262.51533656;2327.84165182;2366.86623996;2390.46842853;2394.02188934;2423.74888447;2461.92609383;2481.29519739;2506.78343234;2583.67625795;2635.91464286;2637.44891465;2658.39713609;2663.89323364;2711.44711319;2769.56825398;2782.41261193;2783.73653982;2822.68679244;2833.36408325;2916.75263971;2994.44485794;3017.28355266;
31;1.99496472123;1.99790108274;1.99855656554;2.24002772167;3.46157581239;4.29537908426;4.40022415879;4.6664141541;4.80147328795;5.27230118534;5.49542033111;5.56439886187;6.08511740361;6.29749205031;7.06718733114;8.15710270412;8.36578357469;8.90316138956;8.96760176265;10.96115223;11.7905536684;12.0506255557;12.3607378376;17.1329913041;18.4897476821;19.3635034466;20.8638497307;24.6527082989;30.0680118527;34.7210207026;54.5781121671;59.452740777;61.7531852836;64.1208714258;74.1987059776;90.3099504197;112.235194482;330.990192368;911.866561327;1217.1914771;2246.95729331;2304.32924272;2347.56118942;2363.75563175;2375.26156079;2466.77107966;2532.19720779;2538.51766255;2543.43007472;2567.97703766;2578.88565974;2619.19439314;2629.40748118;2683.40274182;2689.54027782;2712.28591382;2746.11904197;2763.51944464;2770.28944732;2779.13847484;2798.10887091;2873.05019625;2876.5964854;2918.25650076;
32;1.99667935815;1.9984168667;1.99892403568;6.07384677043;6.67697604899;14.6390245005;14.8261359696;15.9811626315;16.7692289672;17.0053017424;19.198529631;21.1496228154;23.536244107;24.8392657157;25.0323873889;32.6971458099;34.0287137952;45.6947500065;55.9846253743;57.410716244;61.4403173428;65.7742107079;74.2466886081;78.7186484901;101.208274265;222.50557944;767.005269053;1790.37349311;1982.23493931;2063.05819781;2179.51095082;2217.78813708;2236.52888709;2249.33958538;2283.51516873;2359.65808814;2422.07723406;2454.02157766;2459.01297216;2484.21999486;2501.89728029;2502.86969329;2511.65673123;2533.26544485;2547.63473757;2563.44132423;2576.12718666;2578.27755796;2585.34491174;2604.22081971;2626.60830465;2696.48552606;2718.16423886;2733.03547571;2734.32209893;2751.74848933;2755.33877404;2808.40413122;2840.20259317;2856.743317;2895.54875858;2910.76567905;2921.07187866;2925.56146492;
33;1.98914662925;1.99467426186;1.9958700621;1.99594944791;1.99845357272;4.85584494317;5.12801176064;6.20572867897;6.77162722015;7.59392268879;9.06698850312;9.67453801761;9.79319564433;13.1635002446;14.5534743189;14.7375747029;15.1698166774;16.2748419959;16.5447807973;18.0104524592;21.4670467925;25.5116843386;26.5419498183;28.2494502312;30.8811870907;32.987730064;33.030951555;33.0452130229;36.9220056149;44.8451652393;47.1248000181;47.3238037406;49.1968517596;57.3752201862;61.3136191119;106.424683215;107.817719791;324.673630056;1712.54940426;2081.67077905;2151.64802636;2153.97377968;2168.05336437;2332.95514649;2392.39446948;2397.8015563;2409.11306702;2491.91531934;2499.83022751;2567.62554618;2651.90348512;2652.05716451;2661.15502911;2686.03095933;2686.80361874;2691.83642343;2707.23157552;2737.42772833;2749.90636591;2770.16027881;2813.22340239;2813.58491852;2840.15469328;3020.55298992;
34;1.99616199137;1.99716566963;2.78621755255;5.21154022299;5.30826238044;5.4439579135;5.47788782516;6.23367418293;7.54270627306;9.91611952821;10.3956106817;11.3035471586;11.4636885941;11.6997998975;12.4854950394;13.8663380005;16.0015323363;16.6167494096;19.6021636906;20.5480046957;20.6247014371;24.715696596;25.7791969483;42.834638872;49.1221420048;49.1465905565;82.4085364418;118.031601114;132.51441757;217.609095255;571.952038174;659.426010291;836.451489345;1646.08964073;2016.67790652;2183.0041568;2208.67592757;2304.92050673;2323.16245704;2330.35069036;2370.52790399;2401.42243419;2408.37087123;2422.59351644;2434.14824791;2451.21254711;2458.8113017;2478.78236564;2492.42232586;2515.83837661;2596.00125121;2625.5670235;2627.95775292;2634.60465458;2749.99841801;2769.65916251;2806.53511796;2827.92970321;2837.78988076;2911.34430503;2934.19632991;2950.70507031;2970.95617846;3101.2320906;
35;1.99735812294;5.16164318139;5.80835350323;8.58273514589;11.1771114638;11.6644079478;12.0311176891;12.5164933524;12.7368030409;13.058738815;19.9504151412;20.3065640991;21.0210730321;22.5264752644;24.459485832;24.8122301287;29.2816815635;29.7648510358;31.1541720288;33.1517590254;34.2680787926;35.0659056073;35.5407832501;39.9743264185;48.6535191152;50.0217822496;52.1385105937;64.6427751887;77.2647884068;85.1740857392;93.2634892555;111.91556709;145.615990295;2093.13172632;2129.52068694;2149.51508914;2229.99548666;2243.12303103;2259.02213219;2404.31463819;2455.27629943;2470.87970275;2478.12544792;2478.34524038;2481.14336415;2495.00674973;2495.98603885;2499.60122938;2525.95754889;2530.6556837;2625.95075119;2630.94812032;2643.23809055;2673.34753925;2690.18142094;2704.95872095;2709.79959906;2753.62765329;2782.82788681;2806.45382688;3067.70205915;3100.52404077;3127.27931691;3251.16096;
